{
    "components": [
        {
            "componentName": "Table_Top_Left",
            "position": {
                "x": -0.535663366317749,
                "y": 0.7864506244659424,
                "z": 0.8791837692260742
            },
            "rotation": {
                "x": -0.029926536604762079,
                "y": 0.47672194242477419,
                "z": -0.026890702545642854,
                "w": 0.8781329989433289
            }
        }
    ]
}