{
    "components": [
        {
            "componentName": "Table_Top_Left",
            "position": {
                "x": -1.065739393234253,
                "y": 1.4899733066558838,
                "z": 0.10675764828920365
            },
            "rotation": {
                "x": 0.1534806489944458,
                "y": -0.8815678358078003,
                "z": 0.0011650900123640895,
                "w": 0.44640854001045229
            }
        },
        {
            "componentName": "Table_Top_Right",
            "position": {
                "x": 0.0473470538854599,
                "y": 1.6022623777389527,
                "z": 0.6872551441192627
            },
            "rotation": {
                "x": -0.4159187376499176,
                "y": 0.09177077561616898,
                "z": 0.1557082086801529,
                "w": 0.8912601470947266
            }
        }
    ]
}