{
    "components": [
        {
            "componentName": "Table_Top_Left",
            "position": {
                "x": -1.089580774307251,
                "y": 1.184831976890564,
                "z": 1.4749126434326172
            },
            "rotation": {
                "x": -0.05326821282505989,
                "y": 0.03363814949989319,
                "z": 0.021370653063058854,
                "w": 0.9977847337722778
            },
            "toolName": "null"
        },
        {
            "componentName": "Screw_Single_Round (11)",
            "position": {
                "x": -1.0675015449523926,
                "y": 1.3960007429122925,
                "z": 1.1702600717544556
            },
            "rotation": {
                "x": 0.012826711870729924,
                "y": -0.6821621060371399,
                "z": 0.011969915591180325,
                "w": 0.7309905290603638
            },
            "toolName": "null"
        },
        {
            "componentName": "Screw_Single_Round (11)",
            "position": {
                "x": -1.1326848268508912,
                "y": 1.3937071561813355,
                "z": 1.1747699975967408
            },
            "rotation": {
                "x": 0.5981135964393616,
                "y": 0.32828325033187868,
                "z": -0.6528725624084473,
                "w": -0.32901012897491457
            },
            "toolName": "Top_Front"
        }
    ]
}