{
    "components": [
        {
            "componentName": "Table_Top_Right",
            "position": {
                "x": 0.19979381561279298,
                "y": 1.1171373128890992,
                "z": 0.5202373266220093
            },
            "rotation": {
                "x": -0.4428268074989319,
                "y": 0.4810016453266144,
                "z": 0.5092567801475525,
                "w": 0.5596421957015991
            }
        },
        {
            "componentName": "Table_Top_Left",
            "position": {
                "x": -0.18896591663360597,
                "y": 1.0221995115280152,
                "z": 0.8152554631233215
            },
            "rotation": {
                "x": 0.050858739763498309,
                "y": 0.6626259088516235,
                "z": 0.012072702869772911,
                "w": 0.7471242547035217
            }
        },
        {
            "componentName": "Group",
            "position": {
                "x": -0.15871548652648927,
                "y": 0.01221698522567749,
                "z": -0.8239777088165283
            },
            "rotation": {
                "x": 0.05688534304499626,
                "y": -0.7946807742118836,
                "z": 0.027267731726169587,
                "w": 0.6037408709526062
            }
        }
    ]
}