{
    "components": [
        {
            "componentName": "Table_Top_Left",
            "position": {
                "x": 0.14862407743930818,
                "y": 0.963585376739502,
                "z": 0.6108590960502625
            },
            "rotation": {
                "x": 0.027818212285637857,
                "y": 0.6737755537033081,
                "z": 0.010755921714007855,
                "w": 0.7383340001106262
            }
        },
        {
            "componentName": "Drawer_Front_Mid",
            "position": {
                "x": -0.11275820434093476,
                "y": 0.8300706744194031,
                "z": 0.364879310131073
            },
            "rotation": {
                "x": 0.05360786244273186,
                "y": -0.01778413914144039,
                "z": -0.009992952458560467,
                "w": 0.9983537197113037
            }
        },
        {
            "componentName": "Table_Top_Right",
            "position": {
                "x": 0.5079829692840576,
                "y": 0.9473613500595093,
                "z": 0.31153836846351626
            },
            "rotation": {
                "x": -0.48089495301246645,
                "y": 0.5003367066383362,
                "z": 0.5247080326080322,
                "w": 0.49303627014160159
            }
        }
    ]
}