{
    "components": [
        {
            "componentName": "Table_Top_Left",
            "position": {
                "x": -1.661129355430603,
                "y": 0.9079232215881348,
                "z": -0.17989210784435273
            },
            "rotation": {
                "x": -0.03593599423766136,
                "y": -0.6919369697570801,
                "z": -0.047155607491731647,
                "w": 0.7195194959640503
            }
        },
        {
            "componentName": "Table_Top_Left",
            "position": {
                "x": -0.8656153082847595,
                "y": 1.1834908723831177,
                "z": -0.1966882199048996
            },
            "rotation": {
                "x": -0.2932635545730591,
                "y": 0.0011344613740220667,
                "z": 0.08833856135606766,
                "w": 0.9519409537315369
            }
        },
        {
            "componentName": "Table_Top_Left",
            "position": {
                "x": -1.389868974685669,
                "y": 1.5003310441970826,
                "z": -0.2354336977005005
            },
            "rotation": {
                "x": -0.33720383048057558,
                "y": -0.13085132837295533,
                "z": 0.6965813636779785,
                "w": 0.6196337342262268
            }
        }
    ]
}